{
  "IcoMoonType": "selection",
  "icons": [
    {
      "icon": {
        "paths": [
          "M200.4 486.57l-7.043-6.719-105.819 100.237 372.826 355.664 783.274-747.217-105.124-100.284-678.147 646.318-259.967-247.999z"
        ],
        "attrs": [
          {
            "fill": "rgb(255, 255, 255)",
            "stroke": "rgb(255, 255, 255)",
            "strokeLinejoin": "miter",
            "strokeLinecap": "butt",
            "strokeMiterlimit": "4",
            "strokeWidth": 20.480000000000004
          }
        ],
        "width": 1331,
        "isMulticolor": false,
        "isMulticolor2": false,
        "grid": 0,
        "tags": [
          "accept-icon"
        ]
      },
      "attrs": [
        {
          "fill": "rgb(255, 255, 255)",
          "stroke": "rgb(255, 255, 255)",
          "strokeLinejoin": "miter",
          "strokeLinecap": "butt",
          "strokeMiterlimit": "4",
          "strokeWidth": 20.480000000000004
        }
      ],
      "properties": {
        "order": 25,
        "id": 0,
        "name": "accept-icon",
        "prevSize": 32
      },
      "setIdx": 0,
      "setId": 6,
      "iconIdx": 0
    },
    {
      "icon": {
        "paths": [
          "M1024 0l-1024 576 327.251 121.203 504.749-473.202-383.927 517.955 0.311 0.115-0.384-0.115v282.048l183.522-214.106 232.482 86.106 159.996-896.004z"
        ],
        "attrs": [
          {
            "fill": "rgb(255, 255, 255)"
          }
        ],
        "isMulticolor": false,
        "isMulticolor2": false,
        "grid": 0,
        "tags": [
          "telegram"
        ]
      },
      "attrs": [
        {
          "fill": "rgb(255, 255, 255)"
        }
      ],
      "properties": {
        "order": 24,
        "id": 0,
        "name": "telegram",
        "prevSize": 32
      },
      "setIdx": 1,
      "setId": 5,
      "iconIdx": 0
    },
    {
      "icon": {
        "paths": [
          "M1194.667 0h-1024c-70.4 0-127.36 57.6-127.36 128l-0.64 768c0 70.4 57.6 128 128 128h1024c70.4 0 128-57.6 128-128v-768c0-70.4-57.6-128-128-128zM1169.067 272l-452.48 282.88c-20.48 12.8-47.36 12.8-67.84 0l-452.48-282.88c-16-10.24-25.6-27.52-25.6-46.080 0-42.88 46.72-68.48 83.2-46.080l428.8 268.16 428.8-268.16c36.48-22.4 83.2 3.2 83.2 46.080 0 18.56-9.6 35.84-25.6 46.080z"
        ],
        "attrs": [
          {}
        ],
        "width": 1365,
        "isMulticolor": false,
        "isMulticolor2": false,
        "grid": 0,
        "tags": [
          "envelope-black"
        ]
      },
      "attrs": [
        {}
      ],
      "properties": {
        "order": 20,
        "id": 1,
        "name": "envelope-black",
        "prevSize": 32
      },
      "setIdx": 2,
      "setId": 4,
      "iconIdx": 0
    },
    {
      "icon": {
        "paths": [
          "M512 512c141.44 0 256-114.56 256-256s-114.56-256-256-256c-141.44 0-256 114.56-256 256s114.56 256 256 256zM512 640c-170.88 0-512 85.76-512 256v64c0 35.2 28.8 64 64 64h896c35.2 0 64-28.8 64-64v-64c0-170.24-341.12-256-512-256z"
        ],
        "attrs": [
          {}
        ],
        "isMulticolor": false,
        "isMulticolor2": false,
        "grid": 0,
        "tags": [
          "people"
        ]
      },
      "attrs": [
        {}
      ],
      "properties": {
        "order": 21,
        "id": 0,
        "name": "people",
        "prevSize": 32
      },
      "setIdx": 2,
      "setId": 4,
      "iconIdx": 1
    },
    {
      "icon": {
        "paths": [
          "M877.422 667.25l-134.444-15.35c-32.292-3.705-64.051 7.411-86.812 30.171l-97.395 97.398c-149.797-76.225-272.599-198.498-348.821-348.826l97.924-97.925c22.761-22.761 33.876-54.52 30.171-86.808l-15.35-133.39c-6.352-53.461-51.344-93.69-105.334-93.69h-91.573c-59.813 0-109.569 49.756-105.864 109.57 28.054 452.041 389.579 813.036 841.091 841.094 59.809 3.701 109.568-46.051 109.568-105.867v-91.568c0.527-53.465-39.702-98.458-93.162-104.809z"
        ],
        "attrs": [
          {}
        ],
        "isMulticolor": false,
        "isMulticolor2": false,
        "grid": 0,
        "tags": [
          "phone"
        ]
      },
      "attrs": [
        {}
      ],
      "properties": {
        "order": 22,
        "id": 0,
        "name": "phone",
        "prevSize": 32
      },
      "setIdx": 3,
      "setId": 3,
      "iconIdx": 0
    },
    {
      "icon": {
        "paths": [
          "M1024 103.132l-103.132-103.132-408.868 408.868-408.868-408.868-103.132 103.132 408.868 408.868-408.868 408.868 103.132 103.132 408.868-408.868 408.868 408.868 103.132-103.132-408.868-408.868 408.868-408.868z"
        ],
        "attrs": [
          {}
        ],
        "isMulticolor": false,
        "isMulticolor2": false,
        "grid": 0,
        "tags": [
          "modal-close"
        ]
      },
      "attrs": [
        {}
      ],
      "properties": {
        "order": 19,
        "id": 17,
        "name": "modal-close",
        "prevSize": 32
      },
      "setIdx": 4,
      "setId": 2,
      "iconIdx": 0
    },
    {
      "icon": {
        "paths": [
          "M984.741 707.123l-270.182-272.162 29.986-147.696c7.739 3.021 15.964 4.599 24.269 4.659h0.205c38.153 0.451 69.446-30.111 69.9-68.264 0.452-38.153-30.113-69.446-68.266-69.898-38.153-0.451-69.446 30.111-69.898 68.264-0.097 8.164 1.254 16.28 3.992 23.972l-158.72 19.371-258.902-260.25c-3.176-3.241-7.512-5.084-12.048-5.12-4.481 0.023-8.771 1.807-11.947 4.966l-48.402 48.128c-6.662 6.664-6.662 17.468 0 24.132l26.045 26.419c-100.899 185.533-68.127 415.289 80.622 565.213 1.365 1.306 2.948 2.363 4.677 3.123-1.075 5.775-1.637 11.636-1.674 17.51v197.974h-204.8c-47.104 0.056-85.278 38.229-85.333 85.333v34.133c0 9.425 7.642 17.067 17.067 17.067h785.066c9.425 0 17.067-7.642 17.067-17.067v-34.133c-0.056-47.104-38.229-85.277-85.333-85.333h-204.8v-87.741c32.082 6.729 64.771 10.16 97.552 10.24 78.661-0.085 156.069-19.694 225.28-57.070l26.181 26.334c3.176 3.24 7.512 5.083 12.050 5.12 4.479-0.023 8.77-1.808 11.946-4.966l48.402-48.128c6.662-6.665 6.662-17.468 0-24.133zM744.954 199.458c13.366-13.294 34.978-13.234 48.271 0.13 13.294 13.366 13.234 34.978-0.13 48.271-6.399 6.363-15.054 9.934-24.079 9.933h-0.102c-18.85-0.098-34.055-15.458-33.957-34.31 0.048-9.024 3.666-17.66 10.063-24.025h-0.066zM704.78 311.603l-19.149 94.259-37.614-37.837 56.763-56.422zM685.392 282.744l-61.44 61.082-47.531-47.787 108.971-13.294zM768.132 921.6c28.277 0 51.2 22.923 51.2 51.2v17.067h-750.934v-17.067c0-28.277 22.923-51.2 51.2-51.2h648.534zM529.197 853.333v34.134h-170.666v-34.134h170.666zM358.532 819.2v-129.707c0-41.403 38.28-75.093 85.333-75.093s85.333 33.69 85.333 75.093v129.707h-170.666zM563.332 764.928v-75.435c0-60.227-53.59-109.226-119.467-109.226-42.594-0.654-82.423 21.027-104.994 57.155-129.848-136.761-159.087-340.645-72.916-508.388l595.259 598.671c-91.917 46.759-197.285 59.923-297.882 37.222zM924.581 743.048l-673.826-677.785 24.149-24.064 253.918 255.352c0.118 0 0.187 0.222 0.307 0.307l419.669 422.126-24.218 24.064z",
          "M444.018 648.533h-0.154c-28.277-0.042-51.234 22.845-51.278 51.124-0.042 28.277 22.847 51.234 51.124 51.276h0.154c28.277 0.042 51.234-22.845 51.276-51.122 0.044-28.278-22.845-51.235-51.122-51.278zM455.965 711.834c-3.214 3.195-7.567 4.984-12.101 4.966-9.425-0.050-17.026-7.73-16.978-17.155 0.025-4.511 1.833-8.83 5.031-12.012 3.177-3.16 7.466-4.943 11.947-4.966 9.425 0.048 17.026 7.728 16.976 17.153-0.023 4.511-1.831 8.83-5.029 12.013h0.154z"
        ],
        "attrs": [],
        "isMulticolor": true,
        "isMulticolor2": false,
        "grid": 0,
        "tags": [
          "antenna"
        ],
        "colorPermutations": {}
      },
      "attrs": [],
      "properties": {
        "order": 3,
        "id": 16,
        "name": "antenna",
        "prevSize": 32
      },
      "setIdx": 4,
      "setId": 2,
      "iconIdx": 1
    },
    {
      "icon": {
        "paths": [
          "M1023.171 144.77c-2.014-6.162-7.339-10.666-13.773-11.606l-61.133-8.892-27.358-55.399c-5.734-11.674-24.867-11.674-30.6 0l-27.358 55.399-61.136 8.894c-6.434 0.938-11.758 5.428-13.79 11.606-1.995 6.177-0.342 12.97 4.318 17.494l44.254 43.129-10.443 60.894c-1.093 6.4 1.536 12.869 6.776 16.693 5.307 3.858 12.235 4.333 17.987 1.296l54.683-28.758 54.683 28.758c2.493 1.314 5.24 1.962 7.954 1.962 3.533 0 7.067-1.093 10.037-3.261 5.256-3.821 7.885-10.291 6.776-16.691l-10.443-60.896 44.254-43.128c4.636-4.541 6.309-11.317 4.313-17.495zM944.356 187.233c-4.010 3.907-5.853 9.574-4.898 15.104l6.11 35.653-32.016-16.829c-2.493-1.314-5.222-1.962-7.955-1.962-2.73 0-5.443 0.648-7.954 1.962l-32.019 16.829 6.11-35.653c0.957-5.53-0.888-11.178-4.898-15.104l-25.925-25.259 35.806-5.205c5.565-0.803 10.36-4.301 12.853-9.337l16.008-32.426 16.008 32.426c2.493 5.035 7.288 8.534 12.853 9.337l35.806 5.205-25.891 25.259z",
          "M836.272 656.71h-34.134v34.134h34.134v-34.134z",
          "M836.272 724.979h-34.134v34.134h34.134v-34.134z",
          "M870.406 690.845h-34.134v34.134h34.134v-34.134z",
          "M802.139 690.845h-34.134v34.134h34.134v-34.134z",
          "M716.803 844.447h-34.134v34.134h34.134v-34.134z",
          "M716.803 912.715h-34.134v34.134h34.134v-34.134z",
          "M750.939 878.582h-34.136v34.134h34.136v-34.134z",
          "M682.669 878.582h-34.134v34.134h34.134v-34.134z",
          "M512 776.18h-34.134v34.134h34.134v-34.134z",
          "M512 844.447h-34.134v34.134h34.134v-34.134z",
          "M546.134 810.313h-34.134v34.134h34.134v-34.134z",
          "M477.866 810.313h-34.134v34.134h34.134v-34.134z",
          "M187.728 195.903h-34.134v34.134h34.134v-34.134z",
          "M187.728 264.173h-34.134v34.134h34.134v-34.134z",
          "M221.861 230.037h-34.134v34.134h34.134v-34.134z",
          "M153.594 230.037h-34.134v34.134h34.134v-34.134z",
          "M790.872 453.102c-9.197-12.408-22.698-20.394-38.024-22.546-15.394-2.184-30.584 1.859-42.872 11.264l-40.075 30.72-60.725 45.347-43.453-17.307c77.483-34.765 131.638-112.266 131.638-202.243 0-122.336-99.928-221.869-222.758-221.869s-222.755 99.533-222.755 221.869c0 44.341 13.259 85.573 35.84 120.27l-88.441-0.768c-0.051 0-0.102 0-0.154 0-0.274 0-0.494 0.136-0.75 0.154-1.69 0.069-3.346 0.41-4.966 0.99-0.41 0.154-0.835 0.24-1.227 0.426-0.205 0.086-0.41 0.102-0.614 0.205l-103.459 51.080c-0.018 0-0.034 0-0.034 0.016l-60.589 29.137c-0.666 0.29-1.348 0.682-2.014 1.125-24.15 16.077-32.376 47.651-19.148 73.456 7.048 13.722 19.046 23.826 33.793 28.45 5.684 1.774 11.486 2.646 17.254 2.646 9.268 0 18.45-2.27 26.862-6.758l44.409-23.619 72.448-37.411 43.419-0.256-174.134 173.299c-0.016 0.018-0.034 0.018-0.052 0.034l-42.839 42.667c-10.12 10.070-15.684 23.432-15.684 37.685 0 14.234 5.564 27.63 15.684 37.718 10.394 10.342 24.064 15.53 37.735 15.53 13.688 0 27.34-5.187 37.769-15.53l42.053-41.883 55.706-41.592 28.827 28.706-56.373 56.133c-0.016 0.019-0.035 0.019-0.053 0.035l-42.838 42.666c-10.12 10.070-15.684 23.432-15.684 37.685 0 14.235 5.564 27.63 15.684 37.718 10.394 10.342 24.082 15.531 37.752 15.531s27.358-5.189 37.77-15.531l111.411-110.933c0.018-0.019 0.018-0.035 0.034-0.053l32.309-32-0.12-0.12c0.205-0.205 0.494-0.275 0.701-0.494l165.31-181.062 111.072 15.803c0.802 0.12 1.603 0.171 2.406 0.171 2.066 0 4.062-0.494 5.99-1.229 0.563-0.203 1.058-0.478 1.587-0.75 0.614-0.307 1.262-0.477 1.845-0.869l102.827-68.267c0.376-0.256 0.581-0.667 0.938-0.939 0.41-0.323 0.923-0.459 1.296-0.819l40.686-38.11c21.17-19.836 24.089-52.331 6.782-75.576zM68.173 568.645c-5.546 2.97-11.844 3.565-17.868 1.656-5.974-1.861-10.82-5.941-13.654-11.453-5.154-10.037-2.168-22.256 6.86-28.861l42.037-20.224 14.37 42-31.744 16.881zM180.081 510.157l-49.545 25.601-14.044-41.065 64.856-32.018-1.267 47.481zM663.262 298.304c0 29.389-7.014 57.107-19.166 81.902l-133.805-60.774c-1.4-18.346-10.922-34.406-25.224-44.408l46.849-155.531c76.085 24.202 131.346 95.184 131.346 178.811zM286.016 298.304c0-103.512 84.618-187.737 188.624-187.737 8.090 0 16.008 0.682 23.842 1.672l-45.824 152.118c-0.614-0.018-1.195-0.187-1.827-0.187-33.042 0-59.923 26.794-59.923 59.734 0 32.939 26.881 59.736 59.923 59.736 22.221 0 41.421-12.27 51.781-30.227l123.598 56.15c-34.39 46.285-89.432 76.478-151.572 76.478-104.003 0-188.621-84.225-188.621-187.737zM476.619 323.904c0 14.115-11.573 25.6-25.789 25.6s-25.787-11.485-25.787-25.6c0-14.114 11.571-25.6 25.787-25.6s25.789 11.486 25.789 25.6zM78.875 804.68c-7.56 7.493-19.798 7.477-27.34 0.019-3.636-3.637-5.632-8.43-5.632-13.534 0-5.086 1.996-9.883 5.632-13.483l30.786-30.67 27.239 27.12-30.685 30.549zM181.719 924.15c-7.56 7.493-19.814 7.51-27.358 0.018-3.637-3.635-5.632-8.429-5.632-13.534 0-5.085 1.995-9.882 5.632-13.482l30.806-30.686 27.256 27.12-30.704 30.565zM293.133 813.147c-0.019 0.016-0.035 0.016-0.053 0.034l-56.475 56.32-27.256-27.12 56.422-56.166c0 0 0 0 0-0.016 0.019-0.018 0.034-0.018 0.053-0.034 1.28-1.28 2.082-2.816 2.867-4.334 0.222-0.445 0.648-0.821 0.837-1.28 0.53-1.314 0.614-2.73 0.819-4.114 0.102-0.787 0.445-1.518 0.445-2.323 0-1.144-0.41-2.251-0.648-3.379-0.205-1.024-0.205-2.067-0.598-3.054-0.648-1.605-1.758-3.021-2.918-4.405-0.323-0.376-0.443-0.854-0.802-1.211 0 0 0 0-0.018 0-0.018-0.016-0.018-0.053-0.034-0.069l-51.424-51.2c-0.546-0.547-1.245-0.768-1.859-1.229-0.904-0.699-1.774-1.347-2.782-1.843-0.971-0.478-1.962-0.768-2.986-1.043-1.093-0.307-2.15-0.546-3.294-0.632-1.042-0.067-2.014 0.035-3.054 0.155-1.144 0.136-2.218 0.29-3.328 0.648-1.075 0.341-2.030 0.869-3.019 1.434-0.632 0.358-1.349 0.478-1.947 0.922l-56.746 42.361-28.826-28.707 76.768-76.357 139.539 137.236-29.681 29.406zM511.334 588.613c-0.494-0.069-0.957 0.12-1.45 0.086-1.246-0.069-2.44 0.018-3.686 0.221-0.973 0.171-1.894 0.358-2.816 0.683-1.093 0.376-2.082 0.888-3.091 1.501-0.955 0.581-1.826 1.195-2.661 1.963-0.411 0.357-0.904 0.53-1.28 0.938l-150.345 164.662-138.497-136.212 90.659-90.181c6.674-6.656 6.709-17.461 0.051-24.15-3.362-3.362-7.781-5.018-12.202-5v-0.016l-70.998 0.426 0.888-51.438 99.329 0.854c40.482 41.405 96.939 67.227 159.405 67.227 13.994 0 27.648-1.45 40.942-3.926 1.28 1.024 2.541 2.066 4.147 2.714l77.11 30.721 10.579 52.598-96.085-13.67zM640.65 594.314l-10.018-49.854 46.285-34.56 30.294 40.208-66.561 44.206zM760.766 503.722l-26.813 25.122-29.798-39.56 26.606-20.395c4.966-3.821 11.23-5.376 17.374-4.573 6.178 0.869 11.64 4.096 15.36 9.096 6.931 9.336 5.752 22.358-2.73 30.31z",
          "M435.266 593.409l-68.574-68.267c-6.638-6.638-17.427-6.638-24.083 0l-68.557 68.267c-3.208 3.226-5.018 7.56-5.018 12.099 0 4.541 1.792 8.893 5.018 12.101l68.557 68.267c3.328 3.31 7.699 4.966 12.051 4.966s8.72-1.656 12.032-4.966l68.574-68.267c3.208-3.208 5.035-7.56 5.035-12.101 0-4.539-1.811-8.891-5.035-12.099zM354.659 649.696l-44.374-44.187 44.374-44.186 44.39 44.186-44.39 44.187z",
          "M549.256 162.265l-8.243 33.144c2.27 0.565 55.605 14.456 55.605 68.763h34.134c-0.001-64.549-53.301-94.893-81.496-101.907z",
          "M630.752 298.304h-34.134v34.134h34.134v-34.134z"
        ],
        "attrs": [],
        "isMulticolor": true,
        "isMulticolor2": false,
        "grid": 0,
        "tags": [
          "astronaut"
        ],
        "colorPermutations": {}
      },
      "attrs": [],
      "properties": {
        "order": 4,
        "id": 15,
        "name": "astronaut",
        "prevSize": 32
      },
      "setIdx": 4,
      "setId": 2,
      "iconIdx": 2
    },
    {
      "icon": {
        "paths": [
          "M779.13 256l78 73.84-144.782-0.085v358.258h378.435v-136.979l77.913 73.759v-368.794h-389.565zM1087.359 542.367l-221.16-209.367h221.16v209.367zM1018.692 635.609h-246.461v-240.947h17.421v224.632h229.040v16.315zM830.429 735.712l-9.104 18.75-9.104-18.75h-7.635l13.289 25v14.565h6.902v-14.565l13.261-25h-7.609zM841.869 775.277l3.207-9.212h15.327l3.233 9.212h7.174l-14.973-39.565h-6.168l-14.946 39.565h7.147zM852.739 744.109l5.733 16.413h-11.468l5.734-16.413zM888.989 759.571c-0.996 1.522-1.495 3.197-1.495 5.027 0 3.334 1.169 6.042 3.506 8.125 2.355 2.066 5.488 3.098 9.402 3.098s7.283-1.060 10.109-3.179l2.228 2.636h7.663l-5.816-6.875c2.283-3.115 3.424-7.11 3.424-11.983h-5.733c0 2.662-0.552 5.081-1.657 7.255l-7.637-9.021 2.69-1.957c1.902-1.377 3.27-2.754 4.104-4.131 0.834-1.395 1.25-2.916 1.25-4.565 0-2.501-0.924-4.592-2.771-6.278-1.83-1.703-4.185-2.554-7.066-2.554-3.189 0-5.724 0.906-7.609 2.717-1.884 1.794-2.826 4.24-2.826 7.337 0 1.268 0.299 2.581 0.897 3.94 0.616 1.359 1.694 3.007 3.233 4.946-2.935 2.101-4.901 3.921-5.897 5.462zM906.842 768.321c-1.938 1.486-4.021 2.228-6.25 2.228-1.975 0-3.551-0.571-4.728-1.712s-1.766-2.627-1.766-4.457c0-2.119 1.087-4.004 3.261-5.652l0.843-0.598 8.641 10.19zM899.75 750.793c-1.865-2.301-2.799-4.212-2.799-5.733 0-1.323 0.381-2.419 1.142-3.288 0.76-0.87 1.784-1.304 3.071-1.304 1.195 0 2.183 0.371 2.962 1.114 0.779 0.725 1.169 1.603 1.169 2.636 0 1.558-0.562 2.835-1.685 3.831l-0.843 0.68-3.016 2.065zM964.152 772.289c2.718-2.374 4.276-5.671 4.675-9.892h-6.849c-0.362 2.826-1.222 4.846-2.581 6.059-1.359 1.214-3.388 1.821-6.087 1.821-2.953 0-5.199-1.123-6.738-3.369-1.523-2.247-2.283-5.507-2.283-9.784v-3.505c0.036-4.221 0.851-7.418 2.445-9.592 1.613-2.192 3.913-3.288 6.902-3.288 2.572 0 4.52 0.633 5.842 1.902 1.341 1.25 2.174 3.297 2.5 6.141h6.849c-0.435-4.33-1.985-7.681-4.647-10.054-2.664-2.373-6.177-3.56-10.544-3.56-3.242 0-6.105 0.77-8.587 2.31-2.463 1.54-4.356 3.732-5.679 6.576-1.322 2.845-1.983 6.133-1.983 9.865v3.695c0.053 3.641 0.733 6.839 2.038 9.592s3.152 4.883 5.543 6.386c2.41 1.486 5.19 2.228 8.342 2.228 4.511 0 8.125-1.178 10.842-3.532zM1004.56 766.744c1.341-2.935 2.011-6.341 2.011-10.218v-2.2c-0.018-3.859-0.707-7.237-2.066-10.136-1.358-2.916-3.288-5.144-5.788-6.684-2.482-1.558-5.335-2.337-8.559-2.337s-6.087 0.788-8.587 2.364c-2.482 1.558-4.411 3.813-5.788 6.766-1.359 2.953-2.038 6.359-2.038 10.218v2.228c0.018 3.785 0.706 7.128 2.065 10.026 1.377 2.899 3.316 5.137 5.816 6.713 2.518 1.557 5.38 2.336 8.587 2.336 3.242 0 6.105-0.779 8.586-2.336 2.5-1.576 4.421-3.822 5.761-6.739zM997.196 744.38c1.666 2.337 2.5 5.698 2.5 10.082v2.065c0 4.457-0.825 7.845-2.473 10.163-1.629 2.32-3.967 3.478-7.010 3.478-3.007 0-5.363-1.187-7.066-3.56-1.685-2.373-2.528-5.733-2.528-10.082v-2.282c0.037-4.257 0.888-7.545 2.554-9.865 1.685-2.336 4.013-3.505 6.984-3.505 3.043 0 5.389 1.169 7.038 3.505z"
        ],
        "attrs": [],
        "width": 1892,
        "isMulticolor": false,
        "isMulticolor2": false,
        "grid": 0,
        "tags": [
          "client"
        ],
        "colorPermutations": {}
      },
      "attrs": [],
      "properties": {
        "order": 5,
        "id": 14,
        "name": "client",
        "prevSize": 32
      },
      "setIdx": 4,
      "setId": 2,
      "iconIdx": 3
    },
    {
      "icon": {
        "paths": [
          "M913.96 244.141h-1.52c-2.336-0.141-4.674-0.198-7.011-0.255v0h-5.068c-4.421 0-8.927 0.114-13.403 0.339-0.337-0.024-0.676-0.024-1.013 0-40.564 2.298-80.305 12.437-117.049 29.861l-4.815 2.321v246.441l11.263-3.821c9.883-3.397 20.413-6.453 31.31-9.284 29.457-7.562 59.703-11.581 90.103-11.972v32.378c-4.027 0.029-7.94 0.142-11.854 0.341h-0.929c-23.396 1.283-46.612 4.847-69.323 10.642-28.762 7.201-56.509 18.013-82.584 32.181v-316.068c27.081-15.795 56.25-27.659 86.639-35.238 26.681-6.889 54.108-10.426 81.655-10.529h4.758c5.688 0.141 11.235 0.396 16.444 0.792 13.724 0.964 27.337 3.132 40.686 6.481v31.87c-12.964-3.020-26.144-5.006-39.42-5.944-0.269-0.022-0.539-0.046-0.808-0.068-2.747-0.235-5.497-0.47-8.062-0.47zM970.049 276.718c7.067 0.538 14.388 0.792 21.793 0.792 28.958-0.106 57.793-3.804 85.85-11.010 28.749-7.228 56.488-18.049 82.556-32.209v310.435c-27.091 15.786-56.272 27.649-86.666 35.238-26.685 6.863-54.111 10.389-81.655 10.502-20.871 0.168-41.68-2.285-61.945-7.303v-312.445c4.786 1.104 9.714 2.123 14.726 2.972 8.222 1.387 16.895 2.405 25.342 3.029zM1128.036 279.123l-11.264 3.793c-10.36 3.482-20.806 6.595-31.309 9.368-30.578 7.858-62.004 11.888-93.566 12.001-7.348 0-14.106-0.198-20.638-0.623l-8.982-0.594v253.517l7.715 0.679c7.152 0.623 14.53 0.934 21.963 0.934 24.86-0.105 49.611-3.309 73.687-9.538 19.824-4.973 39.112-11.903 57.576-20.69l4.819-2.321v-246.526z",
          "M753.943 681.321c-1.618-1.68-3.571-2.999-5.729-3.871-2.159-0.873-4.476-1.28-6.801-1.195-2.478-0.033-4.937 0.429-7.236 1.359-2.108 0.839-4.024 2.1-5.632 3.708-1.589 1.612-2.827 3.539-3.632 5.661-0.883 2.223-1.323 4.598-1.296 6.991v42.229c-0.1 2.975 0.467 5.936 1.662 8.661 0.996 2.164 2.435 4.093 4.223 5.661 1.688 1.421 3.67 2.445 5.801 3.001 2.052 0.577 4.175 0.872 6.307 0.877 2.352 0.023 4.679-0.48 6.814-1.471 2.11-0.924 4.024-2.251 5.632-3.907 1.567-1.641 2.818-3.56 3.688-5.661 0.903-2.129 1.362-4.421 1.352-6.736v-4.726h-11.038v3.764c0.033 1.286-0.187 2.564-0.648 3.764-0.36 0.898-0.906 1.71-1.605 2.377-0.683 0.552-1.467 0.966-2.308 1.217-0.746 0.248-1.524 0.382-2.308 0.396-0.986 0.115-1.983-0.033-2.894-0.432-0.909-0.397-1.699-1.030-2.287-1.832-1.041-1.697-1.55-3.669-1.464-5.661v-39.371c-0.069-2.183 0.395-4.35 1.351-6.311 0.573-0.892 1.384-1.603 2.34-2.054s2.018-0.622 3.066-0.494c0.952-0.033 1.897 0.165 2.755 0.579s1.604 1.032 2.173 1.799c1.235 1.622 1.881 3.62 1.83 5.661v3.651h10.926v-4.302c0.021-2.527-0.437-5.034-1.352-7.387-0.815-2.213-2.070-4.235-3.689-5.944z",
          "M819.522 680.839c-3.519-2.972-7.962-4.614-12.557-4.641-2.248 0.009-4.478 0.412-6.589 1.189-2.144 0.768-4.122 1.94-5.828 3.453-1.829 1.644-3.288 3.661-4.281 5.916-1.112 2.579-1.658 5.369-1.605 8.18v40.503c-0.076 2.849 0.472 5.68 1.605 8.293 1 2.177 2.46 4.109 4.281 5.66 1.687 1.567 3.669 2.779 5.828 3.567 2.111 0.777 4.341 1.179 6.589 1.189 2.248-0.004 4.479-0.407 6.588-1.189 2.197-0.799 4.222-2.009 5.969-3.567 1.761-1.579 3.179-3.506 4.167-5.66 1.133-2.613 1.682-5.444 1.605-8.293v-40.503c0.055-2.81-0.493-5.601-1.605-8.18-0.982-2.232-2.399-4.243-4.167-5.916zM814.369 735.437c0.092 1.080-0.057 2.166-0.436 3.18-0.381 1.014-0.982 1.929-1.76 2.679-1.458 1.222-3.297 1.892-5.196 1.892s-3.736-0.67-5.195-1.892c-0.779-0.75-1.38-1.665-1.76-2.679-0.381-1.014-0.53-2.1-0.436-3.18v-40.503c-0.093-1.080 0.056-2.166 0.436-3.18 0.38-1.014 0.981-1.93 1.76-2.679 1.458-1.222 3.296-1.892 5.195-1.892s3.738 0.67 5.196 1.892c0.778 0.749 1.379 1.665 1.76 2.679 0.38 1.014 0.529 2.1 0.436 3.18v40.503z",
          "M905.653 753.524v-76.674h-10.615l-13.938 40.587h-0.197l-14.051-40.587h-10.503v76.674h10.953v-46.644h0.197l10.728 32.974h5.463l10.812-32.974h0.197v46.644h10.953z",
          "M967.881 682.226c-1.687-1.892-3.816-3.332-6.195-4.189-2.563-0.834-5.246-1.235-7.94-1.189h-16.274v76.675h10.925v-29.945h5.631c3.409 0.155 6.801-0.567 9.855-2.095 2.484-1.379 4.556-3.403 5.998-5.859 1.263-2.039 2.115-4.31 2.505-6.679 0.43-2.885 0.628-5.801 0.591-8.717 0.107-3.682-0.253-7.363-1.070-10.953-0.729-2.653-2.114-5.079-4.026-7.048zM962.249 705.604c-0.047 1.388-0.393 2.75-1.014 3.991-0.624 1.179-1.612 2.123-2.815 2.688-1.618 0.725-3.384 1.054-5.153 0.963h-4.983v-26.067h5.631c1.696-0.083 3.386 0.247 4.927 0.962 1.13 0.649 2.027 1.64 2.562 2.83 0.598 1.347 0.923 2.8 0.957 4.274 0 1.614 0 3.311 0 5.094s0.112 3.623 0 5.265h-0.112z",
          "M1019.634 676.85h-8.954l-16.894 76.674h10.925l3.21-16.473h14.895l3.21 16.473h10.926l-17.317-76.674zM1009.553 726.607l5.378-27.794h0.197l5.35 27.794h-10.926z",
          "M1090.223 723.041h-0.197l-16.5-46.191h-10.503v76.674h10.925v-46.107h0.226l16.697 46.107h10.277v-76.674h-10.925v46.191z",
          "M1156.986 676.85l-8.793 30.483h-0.223l-8.782-30.483h-11.576l15.004 44.267v32.407h10.93v-32.407l15.004-44.267h-11.565z",
          "M723.478 775.174h5.266v14.775h3.575v-14.775h5.238v-3.029h-14.079v3.029z",
          "M767.741 772.145l-6.899 17.803h3.801l1.465-4.047h7.096l1.52 4.047h3.886l-7.068-17.803h-3.801zM767.177 782.9l2.422-6.595 2.421 6.595h-4.843z",
          "M811.497 783.383h4.112v2.293c-1.201 0.963-2.688 1.49-4.224 1.5-0.718 0.040-1.435-0.093-2.091-0.388-0.657-0.296-1.233-0.745-1.682-1.31-0.944-1.356-1.409-2.99-1.323-4.641 0-3.962 1.717-5.944 5.124-5.944 0.897-0.090 1.796 0.147 2.534 0.666 0.739 0.519 1.268 1.287 1.493 2.164l3.519-0.679c-0.76-3.482-3.266-5.236-7.546-5.236-2.288-0.061-4.515 0.759-6.222 2.293-0.897 0.885-1.592 1.957-2.034 3.14-0.443 1.183-0.623 2.449-0.529 3.709-0.105 2.436 0.71 4.822 2.281 6.68 0.872 0.899 1.928 1.597 3.094 2.047s2.416 0.639 3.663 0.557c2.786 0.078 5.492-0.937 7.546-2.83v-7.019h-7.716v3z",
          "M856.182 772.145h-3.604v17.803h12.473v-3.029h-8.869v-14.775z",
          "M893.969 772.145h-3.604v17.803h3.604v-17.803z",
          "M930.911 784.033l-7.293-11.888h-3.492v17.803h3.35v-11.632l7.152 11.632h3.576v-17.803h-3.295v11.888z",
          "M964.305 782.108h8.87v-3.029h-8.87v-3.906h9.545v-3.029h-13.149v17.803h13.516v-3.029h-9.912v-4.812z",
          "M1045.284 779.165h-7.011v-7.020h-3.575v17.803h3.575v-7.784h7.011v7.784h3.576v-17.803h-3.576v7.020z",
          "M1078.875 782.108h8.898v-3.029h-8.898v-3.906h9.573v-3.029h-13.149v17.803h13.487v-3.029h-9.911v-4.812z",
          "M1124.43 782.109c3.105-0.481 4.675-2.123 4.675-4.953 0.089-0.757-0.022-1.525-0.334-2.222-0.301-0.698-0.79-1.299-1.414-1.741-1.614-0.81-3.406-1.171-5.209-1.047h-7.546v17.803h3.584v-7.444h0.701c0.757-0.047 1.525 0.089 2.226 0.396 0.523 0.323 0.957 0.769 1.269 1.302l3.885 5.661h4.274l-2.17-3.482c-0.957-1.719-2.304-3.183-3.94-4.274zM1120.824 779.647h-2.638v-4.472h2.816c1.224-0.099 2.46 0.045 3.629 0.424 0.256 0.23 0.467 0.516 0.601 0.837s0.2 0.668 0.178 1.016c-0.011 0.347-0.111 0.688-0.267 0.994-0.167 0.306-0.401 0.572-0.679 0.776-1.18 0.361-2.404 0.504-3.64 0.425z",
          "M1158.79 782.108h8.86v-3.029h-8.86v-3.906h9.572v-3.029h-13.178v17.803h13.512v-3.029h-9.906v-4.812z"
        ],
        "attrs": [],
        "width": 1892,
        "isMulticolor": false,
        "isMulticolor2": false,
        "grid": 0,
        "tags": [
          "client2"
        ],
        "colorPermutations": {}
      },
      "attrs": [],
      "properties": {
        "order": 6,
        "id": 13,
        "name": "client2",
        "prevSize": 32
      },
      "setIdx": 4,
      "setId": 2,
      "iconIdx": 4
    },
    {
      "icon": {
        "paths": [
          "M761.391 724.607c0.177 0.004 0.352 0.039 0.513 0.102s0.307 0.155 0.427 0.267l2.429 2.321c-1.885 1.878-4.214 3.38-6.829 4.404-3.062 1.116-6.361 1.655-9.68 1.582-3.12 0.056-6.219-0.446-9.105-1.477-2.603-0.946-4.942-2.366-6.859-4.166-1.956-1.867-3.462-4.055-4.43-6.435-1.061-2.653-1.585-5.446-1.548-8.254-0.043-2.826 0.523-5.634 1.67-8.28 1.060-2.395 2.659-4.582 4.704-6.435 2.072-1.815 4.551-3.243 7.283-4.193 2.99-1.007 6.172-1.508 9.377-1.477 2.977-0.062 5.939 0.394 8.71 1.345 2.403 0.906 4.61 2.164 6.525 3.719l-2.034 2.479c-0.14 0.175-0.315 0.326-0.515 0.449-0.24 0.142-0.53 0.208-0.819 0.185-0.315-0.019-0.619-0.11-0.88-0.264l-1.093-0.66-1.517-0.844c-0.654-0.313-1.335-0.587-2.034-0.817-0.899-0.28-1.823-0.501-2.761-0.659-1.191-0.191-2.4-0.279-3.611-0.264-2.308-0.026-4.599 0.351-6.737 1.107-1.993 0.7-3.794 1.761-5.28 3.111-1.514 1.437-2.679 3.123-3.429 4.959-0.855 2.099-1.276 4.313-1.244 6.539-0.037 2.262 0.385 4.511 1.244 6.646 0.74 1.819 1.885 3.495 3.368 4.931 1.39 1.339 3.113 2.385 5.038 3.060 1.981 0.713 4.107 1.072 6.252 1.054 1.239 0.017 2.477-0.053 3.702-0.21 2.001-0.213 3.921-0.817 5.614-1.768 0.849-0.486 1.652-1.033 2.397-1.635 0.312-0.258 0.722-0.408 1.153-0.422z",
          "M831.491 712.947c0.038 2.798-0.518 5.577-1.638 8.201-0.989 2.379-2.547 4.549-4.571 6.367-2.025 1.819-4.469 3.243-7.172 4.181-5.941 1.969-12.509 1.969-18.451 0-2.687-0.952-5.116-2.38-7.131-4.193-2.024-1.851-3.593-4.039-4.614-6.433-2.186-5.311-2.186-11.117 0-16.427 1.036-2.396 2.603-4.591 4.614-6.461 2.032-1.755 4.46-3.129 7.131-4.034 5.934-2.005 12.516-2.005 18.451 0 2.696 0.952 5.134 2.379 7.161 4.193 1.998 1.832 3.555 3.992 4.582 6.354 1.124 2.64 1.68 5.438 1.638 8.253zM825.119 712.947c0.048-2.238-0.343-4.467-1.153-6.593-0.68-1.82-1.786-3.498-3.248-4.931-1.422-1.355-3.174-2.418-5.128-3.111-4.317-1.441-9.097-1.441-13.413 0-1.955 0.693-3.706 1.756-5.129 3.111-1.481 1.424-2.599 3.104-3.277 4.931-1.545 4.293-1.545 8.892 0 13.185 0.685 1.824 1.801 3.504 3.277 4.931 1.425 1.347 3.177 2.401 5.129 3.085 4.324 1.405 9.088 1.405 13.413 0 1.951-0.685 3.703-1.739 5.128-3.085 1.456-1.436 2.56-3.113 3.248-4.931 0.814-2.125 1.204-4.354 1.153-6.593z",
          "M879.319 719.858l0.637 1.477c0.243-0.528 0.455-1.003 0.698-1.477 0.232-0.495 0.495-0.979 0.789-1.45l15.507-24.494c0.304-0.422 0.577-0.685 0.88-0.765 0.413-0.109 0.844-0.154 1.274-0.131h4.582v39.838h-5.432v-29.292c0-0.37 0-0.791 0-1.239-0.030-0.456-0.030-0.915 0-1.371l-15.598 24.836c-0.198 0.372-0.515 0.687-0.914 0.906-0.398 0.22-0.86 0.335-1.332 0.333h-0.88c-0.472 0.006-0.936-0.108-1.336-0.328-0.398-0.22-0.715-0.536-0.909-0.91l-16.053-24.995c0 0.474 0 0.949 0 1.424s0 0.896 0 1.266v29.292h-5.25v-39.759h4.582c0.431-0.022 0.861 0.022 1.274 0.131 0.376 0.163 0.677 0.433 0.85 0.765l15.841 24.52c0.311 0.453 0.575 0.929 0.789 1.424z",
          "M937.676 717.879v14.923h-6.069v-39.785h13.535c2.554-0.042 5.102 0.25 7.556 0.869 1.965 0.484 3.785 1.329 5.34 2.479 1.348 1.077 2.387 2.413 3.035 3.902 0.716 1.623 1.066 3.35 1.032 5.088 0.027 1.745-0.355 3.476-1.123 5.089-0.73 1.526-1.851 2.888-3.278 3.981-1.557 1.197-3.387 2.096-5.37 2.636-2.363 0.657-4.834 0.968-7.314 0.923l-7.344-0.105zM937.676 713.607h7.344c1.595 0.019 3.183-0.186 4.704-0.605 1.254-0.367 2.41-0.951 3.398-1.714 0.913-0.73 1.618-1.632 2.064-2.637 0.498-1.063 0.745-2.2 0.729-3.348 0.070-1.106-0.137-2.212-0.609-3.241-0.472-1.028-1.197-1.957-2.123-2.717-2.318-1.573-5.23-2.335-8.163-2.136h-7.344v16.398z",
          "M1019.247 732.855h-4.795c-0.481 0.016-0.953-0.115-1.335-0.37-0.345-0.248-0.616-0.564-0.789-0.923l-4.127-9.624h-20.727l-4.279 9.624c-0.158 0.352-0.42 0.661-0.759 0.897-0.385 0.269-0.87 0.41-1.366 0.395h-4.795l18.208-39.843h6.312l18.451 39.843zM989.204 718.062h17.115l-7.223-16.217c-0.552-1.22-1.007-2.471-1.365-3.744l-0.699 2.084c-0.211 0.632-0.455 1.213-0.667 1.687l-7.162 16.19z",
          "M1045.467 693.198c0.363 0.173 0.675 0.416 0.91 0.711l26.554 30.033c0-0.474 0-0.949 0-1.398 0-0.447 0-0.896 0-1.318v-28.213h5.432v39.841h-3.034c-0.432 0.011-0.859-0.070-1.244-0.237-0.375-0.19-0.705-0.441-0.972-0.738l-26.523-30.007c0.029 0.456 0.029 0.914 0 1.371 0 0.447 0 0.844 0 1.212v28.398h-5.432v-39.841h3.217c0.375-0.009 0.748 0.053 1.092 0.185z",
          "M1123.094 717.009v15.821h-6.066v-15.821l-16.785-23.994h5.432c0.469-0.024 0.931 0.097 1.306 0.342 0.329 0.256 0.607 0.56 0.819 0.897l10.497 15.478c0.423 0.659 0.79 1.266 1.091 1.845 0.312 0.58 0.545 1.134 0.768 1.687l0.779-1.714c0.301-0.627 0.646-1.234 1.035-1.819l10.351-15.584c0.211-0.311 0.479-0.594 0.79-0.844 0.356-0.273 0.824-0.415 1.302-0.395h5.487l-16.807 24.1z",
          "M876.314 626.155c2.64 0.291 5.311 0.528 8.012 0.739 40.948-15.915 75.587-41.964 99.59-74.889 24.003-32.926 36.303-71.268 35.364-110.234l-45.126-39.208c9.175 41.486 4.883 84.373-12.396 123.861-17.279 39.489-46.862 74.020-85.443 99.731z",
          "M860.2 624.332l1.214 0.21c41.226-25.62 72.657-61.397 90.229-102.704s20.476-86.245 8.338-129.002l-64.275-55.844c25.997 45.903 36.462 97.274 30.176 148.141-6.285 50.866-29.062 99.137-65.682 139.198z",
          "M1078.182 487.808c-10.92 42.814-37.442 81.428-75.625 110.107-11.152 8.421-23.18 15.924-35.931 22.411 31.093-7.94 59.671-21.978 83.533-41.031 23.86-19.054 42.367-42.614 54.091-68.864l-26.067-22.623z",
          "M1067.954 481.504l-37.113-32.247c-0.71 36.765-12.74 72.694-34.839 104.053-22.099 31.358-53.462 57.002-90.828 74.266h0.183c8.327-0.002 16.647-0.434 24.914-1.292 34.921-12.384 65.77-32.086 89.794-57.348 24.025-25.263 40.477-55.299 47.89-87.431z",
          "M865.572 313.443l-44.276-38.521c-39.581 13.289-73.623 36.65-97.67 67.027s-36.978 66.354-37.101 103.223v0c0.148 40.739 15.93 80.27 44.847 112.338s69.318 54.842 114.808 64.715c40.608-42.986 64.384-96.104 67.871-151.632 3.487-55.53-13.495-110.58-48.48-157.149z",
          "M1170.254 475.573c-0.156-48.334-22.328-94.648-61.667-128.825-39.336-34.177-92.642-53.439-148.272-53.579-25.707-0.023-51.194 4.098-75.169 12.154l271.084 235.532c9.283-20.819 14.035-42.956 14.024-65.283z"
        ],
        "attrs": [],
        "width": 1892,
        "isMulticolor": false,
        "isMulticolor2": false,
        "grid": 0,
        "tags": [
          "client3"
        ],
        "colorPermutations": {}
      },
      "attrs": [],
      "properties": {
        "order": 7,
        "id": 12,
        "name": "client3",
        "prevSize": 32
      },
      "setIdx": 4,
      "setId": 2,
      "iconIdx": 5
    },
    {
      "icon": {
        "paths": [
          "M624.932 412.97h-0.032c-26.691 0-48.328 19.229-48.328 42.949v0.028c0 23.72 21.638 42.949 48.328 42.949h0.032c26.691 0 48.328-19.229 48.328-42.949v-0.028c0-23.72-21.638-42.949-48.328-42.949z",
          "M981.649 399.241c-0.076-32.946-14.834-64.524-41.045-87.822-26.211-23.299-61.741-36.422-98.813-36.497v0c-37.083 0.059-72.628 13.175-98.853 36.477-26.226 23.3-40.992 54.886-41.068 87.843v181.68c0 0 279.747-27.689 279.778-181.652v-0.028z",
          "M478.609 640.551c0.067 22.924 10.341 44.892 28.579 61.105s42.953 25.351 68.748 25.419c25.789-0.068 50.501-9.203 68.736-25.409 18.236-16.206 28.515-38.167 28.591-61.087v-126.416c0 0-194.653 19.281-194.653 126.388zM575.935 663.2c-5.041 0-9.968-1.328-14.16-3.817-4.191-2.489-7.457-6.026-9.386-10.165-1.929-4.138-2.434-8.693-1.45-13.086 0.983-4.394 3.41-8.43 6.974-11.598 3.565-3.168 8.106-5.325 13.050-6.199 4.943-0.874 10.067-0.425 14.726 1.289 4.657 1.714 8.637 4.618 11.438 8.342s4.295 8.104 4.295 12.584c0.012 2.981-0.638 5.936-1.912 8.694-1.276 2.757-3.151 5.265-5.518 7.376-2.369 2.113-5.182 3.789-8.281 4.932-3.098 1.144-6.42 1.733-9.775 1.733v-0.086z",
          "M772.649 650.726h-18.783v19.403h-9.783v-47.478h30.913v7.924h-21.13v12.261h18.783v7.89zM819.671 647.466c0 4.674-0.826 8.772-2.479 12.294-1.652 3.522-4.021 6.239-7.109 8.152-3.064 1.913-6.587 2.869-10.565 2.869-3.935 0-7.445-0.946-10.533-2.837-3.086-1.891-5.478-4.587-7.174-8.086-1.695-3.522-2.554-7.565-2.576-12.131v-2.347c0-4.674 0.837-8.783 2.51-12.326 1.696-3.566 4.077-6.294 7.141-8.185 3.088-1.913 6.609-2.869 10.566-2.869 3.956 0 7.467 0.956 10.533 2.869 3.086 1.891 5.467 4.619 7.141 8.185 1.695 3.543 2.543 7.641 2.543 12.292v2.12zM809.757 645.314c0-4.978-0.89-8.761-2.674-11.347-1.782-2.587-4.326-3.88-7.63-3.88-3.283 0-5.816 1.282-7.599 3.848-1.782 2.543-2.685 6.282-2.706 11.217v2.315c0 4.847 0.892 8.608 2.674 11.282 1.783 2.675 4.348 4.011 7.696 4.011 3.282 0 5.805-1.282 7.565-3.848 1.761-2.587 2.652-6.348 2.674-11.283v-2.315zM851.399 657.673c0-1.848-0.652-3.261-1.957-4.24-1.304-1-3.652-2.044-7.043-3.13-3.391-1.11-6.076-2.196-8.055-3.261-5.39-2.913-8.086-6.837-8.086-11.772 0-2.566 0.717-4.848 2.152-6.849 1.457-2.021 3.533-3.597 6.229-4.728 2.717-1.13 5.761-1.695 9.13-1.695 3.391 0 6.413 0.62 9.066 1.859 2.651 1.218 4.706 2.945 6.163 5.185 1.478 2.239 2.217 4.783 2.217 7.63h-9.783c0-2.174-0.685-3.858-2.055-5.054-1.369-1.217-3.293-1.825-5.771-1.825-2.392 0-4.251 0.511-5.576 1.533-1.327 1-1.989 2.326-1.989 3.978 0 1.544 0.771 2.837 2.315 3.88 1.565 1.044 3.859 2.022 6.88 2.935 5.565 1.674 9.62 3.75 12.163 6.229 2.543 2.478 3.816 5.565 3.816 9.261 0 4.108-1.555 7.337-4.664 9.685-3.108 2.326-7.293 3.489-12.554 3.489-3.652 0-6.978-0.663-9.978-1.989-3-1.348-5.294-3.184-6.88-5.511-1.566-2.326-2.349-5.022-2.349-8.087h9.816c0 5.239 3.13 7.859 9.391 7.859 2.326 0 4.142-0.467 5.446-1.402 1.304-0.956 1.957-2.283 1.957-3.978zM903.605 630.575h-14.544v39.554h-9.783v-39.554h-14.347v-7.924h38.674v7.924zM937.779 649.553h-18.783v12.718h22.044v7.858h-31.826v-47.478h31.761v7.924h-21.978v11.315h18.783v7.663zM964.355 652.749h-7.794v17.38h-9.783v-47.478h17.642c5.609 0 9.934 1.25 12.978 3.75 3.043 2.5 4.565 6.033 4.565 10.597 0 3.24-0.706 5.946-2.119 8.12-1.391 2.153-3.511 3.87-6.359 5.152l10.272 19.403v0.456h-10.5l-8.902-17.38zM956.562 644.825h7.891c2.456 0 4.359-0.62 5.707-1.859 1.348-1.261 2.021-2.99 2.021-5.185 0-2.239-0.641-4-1.923-5.284-1.261-1.282-3.207-1.923-5.837-1.923h-7.859v14.25zM1015.845 653.401v16.728h-9.783v-47.478h18.521c3.565 0 6.696 0.652 9.392 1.957 2.717 1.304 4.804 3.162 6.261 5.575 1.456 2.392 2.185 5.12 2.185 8.185 0 4.653-1.598 8.326-4.794 11.021-3.174 2.675-7.576 4.011-13.206 4.011h-8.576zM1015.845 645.477h8.739c2.588 0 4.555-0.609 5.902-1.827 1.369-1.218 2.055-2.956 2.055-5.217 0-2.326-0.686-4.207-2.055-5.642s-3.261-2.174-5.674-2.217h-8.967v14.903zM1077.736 649.553h-18.783v12.718h22.044v7.858h-31.826v-47.478h31.761v7.924h-21.978v11.315h18.783v7.663zM1123.128 630.575h-14.544v39.554h-9.783v-39.554h-14.348v-7.924h38.675v7.924zM1157.298 649.553h-18.777v12.718h22.038v7.858h-31.822v-47.478h31.755v7.924h-21.971v11.315h18.777v7.663zM1183.878 652.749h-7.791v17.38h-9.784v-47.478h17.642c5.61 0 9.928 1.25 12.978 3.75 3.039 2.5 4.563 6.033 4.563 10.597 0 3.24-0.701 5.946-2.115 8.12-1.391 2.153-3.517 3.87-6.367 5.152l10.273 19.403v0.456h-10.496l-8.904-17.38zM1176.086 644.825h7.891c2.449 0 4.352-0.62 5.699-1.859 1.358-1.261 2.026-2.99 2.026-5.185 0-2.239-0.646-4-1.926-5.284-1.258-1.282-3.206-1.923-5.832-1.923h-7.858v14.25zM1233.575 657.673c0-1.848-0.657-3.261-1.959-4.24-1.302-1-3.651-2.044-7.046-3.13-3.384-1.11-6.077-2.196-8.047-3.261-5.398-2.913-8.092-6.837-8.092-11.772 0-2.566 0.712-4.848 2.148-6.849 1.458-2.021 3.539-3.597 6.233-4.728 2.716-1.13 5.766-1.695 9.127-1.695 3.395 0 6.411 0.62 9.071 1.859 2.649 1.218 4.708 2.945 6.155 5.185 1.48 2.239 2.226 4.783 2.226 7.63h-9.784c0-2.174-0.69-3.858-2.059-5.054-1.369-1.217-3.295-1.825-5.766-1.825-2.393 0-4.252 0.511-5.576 1.533-1.336 1-1.992 2.326-1.992 3.978 0 1.544 0.768 2.837 2.315 3.88 1.569 1.044 3.862 2.022 6.879 2.935 5.565 1.674 9.617 3.75 12.166 6.229 2.538 2.478 3.818 5.565 3.818 9.261 0 4.108-1.558 7.337-4.664 9.685-3.117 2.326-7.302 3.489-12.555 3.489-3.651 0-6.979-0.663-9.984-1.989-2.994-1.348-5.287-3.184-6.879-5.511-1.569-2.326-2.349-5.022-2.349-8.087h9.817c0 5.239 3.128 7.859 9.394 7.859 2.326 0 4.141-0.467 5.443-1.402 1.302-0.956 1.959-2.283 1.959-3.978z"
        ],
        "attrs": [],
        "width": 1892,
        "isMulticolor": false,
        "isMulticolor2": false,
        "grid": 0,
        "tags": [
          "client4"
        ],
        "colorPermutations": {}
      },
      "attrs": [],
      "properties": {
        "order": 2,
        "id": 11,
        "name": "client4",
        "prevSize": 32
      },
      "setIdx": 4,
      "setId": 2,
      "iconIdx": 6
    },
    {
      "icon": {
        "paths": [
          "M653.99 676.009c2.712 3.074 4.157 6.923 4.082 10.874 0.138 2.577-0.358 5.15-1.454 7.528-1.094 2.377-2.759 4.499-4.871 6.209-5.269 3.643-11.796 5.424-18.384 5.015h-32.319v-68.913h31.657c6.25-0.381 12.448 1.238 17.539 4.578 2.044 1.567 3.663 3.547 4.728 5.784 1.066 2.238 1.549 4.671 1.411 7.11 0.186 3.801-1.117 7.539-3.676 10.537-2.456 2.738-5.851 4.636-9.633 5.386 4.287 0.717 8.157 2.805 10.92 5.891zM616.082 665.607h13.53c3.075 0.208 6.13-0.604 8.604-2.29 1.016-0.843 1.806-1.889 2.311-3.056 0.503-1.168 0.707-2.425 0.594-3.676 0.096-1.247-0.112-2.497-0.608-3.662-0.496-1.164-1.268-2.213-2.261-3.071-2.548-1.733-5.697-2.558-8.861-2.323h-13.31v18.078zM639.54 692.035c1.085-0.864 1.939-1.944 2.494-3.159 0.554-1.214 0.796-2.53 0.705-3.844 0.082-1.329-0.169-2.658-0.737-3.883s-1.435-2.316-2.536-3.186c-2.648-1.798-5.904-2.68-9.193-2.492h-14.192v18.954h14.376c3.236 0.171 6.439-0.672 9.082-2.39z",
          "M718.702 705.635l-17.612-26.932h-6.618v26.932h-15.149v-68.913h28.679c7.229-0.462 14.376 1.635 19.966 5.858 4.008 3.74 6.427 8.668 6.817 13.896s-1.27 10.413-4.685 14.619c-3.538 3.711-8.372 6.185-13.678 7.002l18.751 27.538h-16.472zM694.472 669.31h12.39c8.604 0 12.906-3.478 12.906-10.436 0.088-1.42-0.148-2.843-0.692-4.176-0.544-1.332-1.386-2.548-2.47-3.567-2.719-2.070-6.221-3.074-9.744-2.794h-12.538l0.148 20.973z",
          "M801.505 691.763h-30.187l-5.331 13.871h-15.884l27.724-68.139h17.171l27.612 68.139h-15.883l-5.221-13.871zM797.46 681.327l-11.030-29.087-11.030 29.087h22.061z",
          "M905.154 705.635h-15.038l-33.716-46.862v46.862h-15.002v-68.914h15.002l33.716 47.133v-47.133h15.038v68.914z",
          "M990.972 689.14c-3.11 5.202-7.847 9.435-13.605 12.153-6.546 3.027-13.811 4.519-21.141 4.343h-26.768v-68.914h26.768c7.318-0.175 14.573 1.281 21.141 4.242 5.757 2.657 10.499 6.846 13.605 12.019 3.095 5.605 4.708 11.797 4.708 18.078s-1.613 12.474-4.708 18.079zM973.764 687.49c4.292-4.578 6.652-10.413 6.652-16.446 0-6.033-2.36-11.867-6.652-16.445-5.188-4.147-11.953-6.252-18.826-5.858h-10.441v44.607h10.441c6.873 0.393 13.638-1.712 18.826-5.858z",
          "M810.917 253.403c0 0 194.1 67.096 189.982 164.188v164.221c0 0-193.952-67.129-189.909-164.221l-0.073-164.188z",
          "M1173.816 543.367c36.664-23.099 79.059-37.406 123.325-41.611v-51.408c-51 17.998-94.264 50.631-123.325 93.019z",
          "M1151.8 558.854c29.997-55.317 82.009-98.002 145.341-119.277v-148.129c0 0-276.424 95.577-270.578 233.842v233.808c0 0 12.317-4.275 31.694-12.288 0-7.473 0-15.014 0.883-22.589 5.721-64.189 39.049-123.67 92.66-165.366z",
          "M1125.51 645.711c1.447-16.215 4.686-32.255 9.672-47.873-33.385 36.008-53.6 80.689-57.805 127.762-0.405 4.444-0.626 8.888-0.736 13.467 15.699-6.902 33.973-15.52 53.165-25.653-4.897-22.271-6.344-45.062-4.296-67.702z",
          "M1136.495 646.552c-1.837 20.483-0.69 41.1 3.428 61.305 75.52-41.375 160.378-105.306 157.106-182.569v-6.733c-53.96 5.527-104.437 27.125-143.694 61.473-9.183 21.286-14.859 43.706-16.84 66.523z"
        ],
        "attrs": [],
        "width": 1892,
        "isMulticolor": false,
        "isMulticolor2": false,
        "grid": 0,
        "tags": [
          "client5"
        ],
        "colorPermutations": {}
      },
      "attrs": [],
      "properties": {
        "order": 8,
        "id": 10,
        "name": "client5",
        "prevSize": 32
      },
      "setIdx": 4,
      "setId": 2,
      "iconIdx": 7
    },
    {
      "icon": {
        "paths": [
          "M950.817 483.152c-4.932-6.565-7.292-14.324-6.731-22.134v-32.091c0-9.837 2.231-17.313 6.693-22.428 4.461-5.114 12.125-7.661 22.99-7.639 10.21 0 17.457 2.176 21.742 6.529 4.675 5.554 6.949 12.346 6.428 19.196v7.542h-18.263v-7.64c0.065-2.5-0.112-5.001-0.53-7.475-0.263-1.693-1.182-3.258-2.609-4.44-1.875-1.274-4.237-1.892-6.617-1.731-2.502-0.161-4.984 0.491-6.958 1.829-1.591 1.31-2.651 3.026-3.025 4.896-0.524 2.62-0.765 5.276-0.718 7.934v38.947c-0.288 3.758 0.518 7.517 2.344 10.937 0.908 1.156 2.169 2.074 3.645 2.65 1.475 0.577 3.105 0.789 4.712 0.614 2.34 0.166 4.661-0.467 6.466-1.763 1.488-1.276 2.445-2.94 2.723-4.734 0.426-2.583 0.617-5.192 0.568-7.802v-7.9h18.263v7.215c0.513 7.141-1.705 14.229-6.314 20.175-4.197 4.767-11.344 7.15-21.856 7.15s-18.453-2.547-22.952-7.836z",
          "M1026.859 483.479c-4.614-4.995-6.92-12.276-6.92-21.906v-33.756c0-9.532 2.306-16.747 6.92-21.644 4.612-4.897 12.327-7.335 23.14-7.313 10.739 0 18.415 2.438 23.028 7.313 4.614 4.897 6.958 12.112 6.958 21.644v33.756c0 9.532-2.344 16.845-7.033 21.872-4.688 5.028-12.326 7.542-22.952 7.542-10.625 0-18.49-2.547-23.14-7.509zM1058.508 475.383c1.652-3.129 2.404-6.556 2.194-9.99v-41.331c0.211-3.367-0.529-6.728-2.156-9.794-0.926-1.181-2.219-2.114-3.73-2.691-1.512-0.577-3.18-0.776-4.816-0.573-1.641-0.197-3.312 0.003-4.828 0.58s-2.816 1.506-3.754 2.685c-1.663 3.056-2.416 6.422-2.193 9.794v41.527c-0.23 3.435 0.523 6.865 2.193 9.99 1.064 1.053 2.379 1.897 3.852 2.475 1.474 0.578 3.074 0.877 4.694 0.877 1.618 0 3.219-0.299 4.693-0.877 1.474-0.579 2.788-1.422 3.852-2.475v-0.196z",
          "M1101.952 399.845h19.662l14.781 62.281 15.126-62.281h19.133l1.937 89.897h-14.147l-1.514-62.477-14.592 62.477h-11.342l-15.126-62.707-1.402 62.707h-14.293l1.776-89.897z",
          "M1194.63 399.845h30.631c17.642 0 26.468 8.508 26.468 25.527 0 16.299-9.294 24.438-27.871 24.416h-10.429v39.955h-18.911l0.111-89.897zM1220.797 438.265c1.87 0.205 3.762 0.057 5.565-0.434 1.792-0.49 3.439-1.311 4.831-2.405 2.17-3.036 3.128-6.603 2.727-10.152 0.1-2.743-0.211-5.485-0.913-8.161-0.267-0.894-0.735-1.732-1.391-2.467-0.646-0.735-1.458-1.349-2.382-1.81-2.627-1.086-5.532-1.581-8.437-1.436h-7.335v26.864h7.335z",
          "M1278.987 399.845h20.313l20.836 89.897h-17.631l-4.118-20.728h-18.109l-4.241 20.728h-17.875l20.825-89.897zM1296.351 458.602l-7.079-37.734-7.068 37.734h14.147z",
          "M1336.954 399.845h13.234l25.333 51.281v-51.281h15.694v89.897h-12.589l-25.489-53.534v53.534h-16.217l0.033-89.897z",
          "M1427.968 455.466l-21.059-55.495h17.742l12.856 35.647 12.054-35.647h17.363l-20.803 55.495v34.276h-18.154v-34.276z",
          "M980.009 529.047v4.701h-15.427v36.529h-6.467v-36.529h-15.502v-4.701h37.396z",
          "M1028.371 570.281h-4.992c-0.506 0.027-1.006-0.112-1.399-0.392-0.377-0.239-0.666-0.568-0.831-0.946l-4.462-9.794h-21.402l-4.462 9.794c-0.127 0.41-0.36 0.788-0.681 1.11-0.395 0.273-0.893 0.412-1.398 0.392h-4.992l18.906-41.228h6.58l19.133 41.065zM997.061 554.971h17.849l-7.563-16.778c-0.558-1.269-1.025-2.567-1.399-3.885-0.265 0.784-0.492 1.534-0.718 2.187l-0.681 1.73-7.487 16.746z",
          "M1060.965 566.232c1.184 0.053 2.371 0.053 3.554 0 1.023-0.091 2.035-0.255 3.025-0.49 0.926-0.197 1.837-0.447 2.723-0.751 0.833-0.294 1.664-0.653 2.533-1.012v-9.273h-7.562c-0.187 0.010-0.374-0.014-0.55-0.071-0.176-0.056-0.336-0.142-0.471-0.255-0.125-0.092-0.223-0.208-0.288-0.338s-0.097-0.27-0.090-0.413v-3.167h14.671v15.802c-1.198 0.739-2.462 1.395-3.781 1.959-1.348 0.574-2.753 1.044-4.197 1.404-1.546 0.393-3.128 0.677-4.727 0.849-1.833 0.176-3.675 0.263-5.52 0.26-3.261 0.024-6.497-0.496-9.53-1.534-2.83-0.983-5.403-2.449-7.562-4.31-2.105-1.88-3.762-4.098-4.877-6.529-1.192-2.734-1.782-5.634-1.74-8.554-0.040-2.938 0.536-5.859 1.702-8.619 1.087-2.443 2.748-4.667 4.877-6.529 2.158-1.855 4.732-3.31 7.563-4.277 3.238-1.052 6.674-1.572 10.133-1.535 1.761-0.001 3.518 0.119 5.256 0.36 1.537 0.216 3.045 0.567 4.5 1.045 1.322 0.429 2.59 0.976 3.781 1.632 1.159 0.644 2.259 1.365 3.29 2.155l-1.815 2.547c-0.142 0.233-0.354 0.429-0.613 0.565-0.259 0.138-0.557 0.214-0.861 0.218-0.419-0.011-0.825-0.125-1.172-0.326-0.568-0.262-1.172-0.588-1.853-0.979-0.804-0.435-1.652-0.807-2.533-1.11-1.126-0.391-2.291-0.697-3.478-0.915-1.584-0.252-3.192-0.372-4.803-0.358-2.494-0.024-4.971 0.364-7.297 1.142-2.105 0.729-4.001 1.843-5.559 3.265-1.567 1.483-2.765 3.228-3.517 5.127-1.688 4.464-1.688 9.278 0 13.744 0.828 1.939 2.116 3.708 3.782 5.191 1.55 1.415 3.433 2.528 5.521 3.265 2.404 0.713 4.952 0.991 7.486 0.817z",
          "M1121.235 565.577h20.647v4.7h-26.958v-41.23h6.467l-0.156 36.53z",
          "M1163.364 570.278h-6.467v-41.23h6.467v41.23z",
          "M1187.406 529.243c0.39 0.189 0.723 0.445 0.991 0.751l27.637 31.080c-0.033-0.489-0.033-0.979 0-1.469 0-0.456 0-0.914 0-1.338v-29.382h5.632v41.396h-3.25c-0.479 0.033-0.968-0.046-1.402-0.229-0.39-0.205-0.735-0.471-1.013-0.784l-27.603-31.047c0 0.49 0 0.947 0 1.405 0 0.456 0 0.882 0 1.273v29.382h-5.409v-41.234h3.361c0.367 0.001 0.723 0.068 1.057 0.196z",
          "M1269.27 529.047v4.538h-22.906v13.614h18.566v4.374h-18.566v14.070h22.906v4.538h-29.562v-41.134h29.562z",
          "M591.713 274.426l287.111 70.381v246.628l-287.111-70.349v-246.66zM573.299 253.403v279.664l323.902 79.423v-279.631l-323.902-79.457z",
          "M746.896 742.313l-323.939-79.49v-279.634l323.939 79.458v279.667z",
          "M578.668 271.26l283.366 69.498-120.508 104.068-283.404-69.532 120.546-104.035zM573.299 253.403l-150.342 129.792 323.939 79.455 150.304-129.791-323.901-79.456z",
          "M765.122 726.581l132.078-114.057-132.078-32.414v146.471z"
        ],
        "attrs": [],
        "width": 1892,
        "isMulticolor": false,
        "isMulticolor2": false,
        "grid": 0,
        "tags": [
          "client6"
        ],
        "colorPermutations": {}
      },
      "attrs": [],
      "properties": {
        "order": 9,
        "id": 9,
        "name": "client6",
        "prevSize": 32
      },
      "setIdx": 4,
      "setId": 2,
      "iconIdx": 8
    },
    {
      "icon": {
        "paths": [
          "M1001.492 489.64c-0.056-270.476-219.367-489.695-489.852-489.64-270.476 0.055-489.695 219.374-489.64 489.851 0.047 213.055 137.82 401.633 340.781 466.438 1.937 0.61 3.953 0.922 5.977 0.914 3.859-0.007 7.641-1.039 10.96-3 4.321-2.554 7.547-6.617 9.062-11.406l123.68-392c33.812-0.171 61.079-27.726 60.899-61.531-0.173-33.812-27.718-61.079-61.531-60.906-9.095 0.038-18.071 2.133-26.242 6.125l-163.391-163.414c-8.11-7.828-21.024-7.601-28.852 0.5-7.641 7.914-7.641 20.445 0 28.359l163.305 163.492c-12.531 25.578-5.367 56.453 17.164 73.89l-117.843 373.532c-232.891-85.789-352.141-344.125-266.351-577.015 85.79-232.891 344.124-352.141 577.016-266.352s352.14 344.133 266.351 577.016c-41.914 113.781-128.031 205.796-238.788 255.149l-12.736-59.977c-2.327-11.023-13.163-18.071-24.187-15.734-3.477 0.743-6.703 2.376-9.359 4.743l-122.781 109.618c-8.423 7.491-9.172 20.389-1.672 28.812 2.437 2.734 5.562 4.765 9.062 5.882l156.757 50.031c10.727 3.445 22.219-2.453 25.664-13.188 1.094-3.391 1.274-7 0.54-10.484l-12.516-58.851c181.258-76.415 298.945-254.149 298.524-450.853zM511.75 469.235c11.265 0 20.407 9.14 20.407 20.405 0 11.274-9.141 20.407-20.407 20.407-11.273 0-20.405-9.133-20.405-20.407 0-11.265 9.133-20.405 20.405-20.405zM578.961 944.883l69.891-62.344 19.289 90.89-89.18-28.546z",
          "M491.343 101.921v40.812c0 11.273 9.133 20.407 20.405 20.407 11.267 0 20.407-9.134 20.407-20.407v-40.812c0-11.266-9.14-20.406-20.407-20.406-11.273 0-20.405 9.141-20.405 20.406z",
          "M124.031 469.233c-11.274 0-20.406 9.141-20.406 20.407 0 11.273 9.133 20.407 20.406 20.407h40.812c11.274 0 20.407-9.134 20.407-20.407 0-11.265-9.133-20.407-20.407-20.407h-40.812z",
          "M899.461 510.047c11.273 0 20.405-9.134 20.405-20.407 0-11.265-9.133-20.407-20.405-20.407h-40.812c-11.267 0-20.407 9.141-20.407 20.407 0 11.273 9.14 20.407 20.407 20.407h40.812z"
        ],
        "attrs": [],
        "isMulticolor": true,
        "isMulticolor2": false,
        "grid": 0,
        "tags": [
          "clock"
        ],
        "colorPermutations": {}
      },
      "attrs": [],
      "properties": {
        "order": 10,
        "id": 8,
        "name": "clock",
        "prevSize": 32
      },
      "setIdx": 4,
      "setId": 2,
      "iconIdx": 9
    },
    {
      "icon": {
        "paths": [
          "M477.617 478.868h34.115v153.52h-34.115v-153.52z",
          "M614.078 547.098h34.115v85.289h-34.115v-85.289z",
          "M341.154 598.272h34.115v34.115h-34.115v-34.115z",
          "M238.809 581.214h34.115v51.172h-34.115v-51.172z",
          "M51.173 905.311h818.772c28.259 0 51.172-22.913 51.172-51.174v-68.231c0-28.259-22.913-51.174-51.172-51.174h-17.058v-425.384l96.891-91.786c22.489 11.086 49.708 4.355 64.424-15.958 14.727-20.306 12.661-48.267-4.88-66.191s-45.444-20.598-66.074-6.33c-20.622 14.276-27.952 41.337-17.357 64.067l-73.004 69.205v-39.354c0-28.261-22.913-51.174-51.174-51.174h-682.309c-28.26 0-51.173 22.913-51.173 51.174v511.731h-17.058c-28.26 0-51.173 22.914-51.173 51.174v68.231c0 28.261 22.913 51.174 51.173 51.174zM972.291 154.77c9.419 0 17.057 7.638 17.057 17.058 0 9.419-7.638 17.057-17.057 17.057-9.421 0-17.058-7.638-17.058-17.057 0-9.421 7.638-17.058 17.058-17.058zM102.346 223.002c0-9.421 7.638-17.058 17.058-17.058h682.309c9.421 0 17.058 7.638 17.058 17.058v71.638l-34.115 32.415v-69.938c0-9.421-7.638-17.058-17.058-17.058h-614.078c-9.42 0-17.058 7.638-17.058 17.058v426.443c0 9.419 7.638 17.057 17.058 17.057h614.078c9.421 0 17.058-7.638 17.058-17.057v-309.58l34.115-32.325v393.077h-716.425v-511.731zM255.865 444.752c-23.079-0.067-43.343 15.309-49.481 37.556-6.14 22.246 3.365 45.842 23.213 57.619 19.839 11.777 45.117 8.821 61.7-7.229l59.294 29.752c6.889 3.448 15.242 1.831 20.364-3.923l126.043-141.801 123.901 92.843c6.647 4.981 15.925 4.447 21.956-1.258l107.685-102.005v260.197h-579.963v-392.328h579.963v85.131l-120.687 114.29-124.943-93.668c-7.096-5.313-17.083-4.314-22.98 2.308l-127.775 143.765-47.767-23.887c0.35-2.049 0.566-4.115 0.65-6.188 0-28.261-22.913-51.174-51.174-51.174zM272.924 495.926c0 9.419-7.638 17.057-17.058 17.057-9.419 0-17.057-7.638-17.057-17.057 0-9.421 7.638-17.058 17.057-17.058 9.421 0 17.058 7.638 17.058 17.058zM375.27 768.85h170.578v17.057c0 9.421-7.638 17.058-17.058 17.058h-136.461c-9.421 0-17.058-7.638-17.058-17.058v-17.057zM34.115 785.907c0-9.419 7.638-17.057 17.058-17.057h289.981v17.057c0 28.261 22.913 51.174 51.174 51.174h136.461c28.261 0 51.174-22.913 51.174-51.174v-17.057h289.982c9.419 0 17.057 7.638 17.057 17.057v68.231c0 9.421-7.638 17.058-17.057 17.058h-818.772c-9.42 0-17.058-7.638-17.058-17.058v-68.231z"
        ],
        "attrs": [],
        "isMulticolor": true,
        "isMulticolor2": false,
        "grid": 0,
        "tags": [
          "diagram"
        ],
        "colorPermutations": {}
      },
      "attrs": [],
      "properties": {
        "order": 11,
        "id": 7,
        "name": "diagram",
        "prevSize": 32
      },
      "setIdx": 4,
      "setId": 2,
      "iconIdx": 10
    },
    {
      "icon": {
        "paths": [
          "M1237.333 0h-1109.332c-70.584 0-128.001 57.417-128.001 128.001v767.999c0 70.579 57.417 128 128.001 128h1109.332c70.579 0 128-57.421 128-128v-767.999c0-70.584-57.421-128.001-128-128.001zM1237.333 85.333c5.794 0 11.307 1.203 16.35 3.303l-571.017 494.906-571.023-494.906c5.042-2.097 10.557-3.303 16.354-3.303h1109.335zM1237.333 938.667h-1109.332c-23.541 0-42.668-19.123-42.668-42.667v-717.209l569.375 493.458c8.043 6.956 18 10.417 27.959 10.417s19.916-3.457 27.959-10.417l569.375-493.458v717.209c0 23.543-19.123 42.667-42.667 42.667z"
        ],
        "attrs": [],
        "width": 1365,
        "isMulticolor": false,
        "isMulticolor2": false,
        "grid": 0,
        "tags": [
          "envelope"
        ],
        "colorPermutations": {}
      },
      "attrs": [],
      "properties": {
        "order": 12,
        "id": 6,
        "name": "envelope",
        "prevSize": 32
      },
      "setIdx": 4,
      "setId": 2,
      "iconIdx": 11
    },
    {
      "icon": {
        "paths": [
          "M682.537 170.026h93.486v-162.816c-16.128-2.219-71.598-7.211-136.192-7.211-134.786 0-227.117 84.778-227.117 240.598v143.402h-148.736v182.016h148.736v457.984h182.358v-457.943h142.72l22.656-182.014h-165.417v-125.397c0.041-52.608 14.208-88.619 87.506-88.619z"
        ],
        "attrs": [],
        "isMulticolor": false,
        "isMulticolor2": false,
        "grid": 0,
        "tags": [
          "facebook"
        ],
        "colorPermutations": {}
      },
      "attrs": [],
      "properties": {
        "order": 14,
        "id": 5,
        "name": "facebook",
        "prevSize": 32
      },
      "setIdx": 4,
      "setId": 2,
      "iconIdx": 12
    },
    {
      "icon": {
        "paths": [
          "M1022.996 301.059c-2.396-54.409-11.197-91.814-23.798-124.227-13.005-34.405-33.009-65.208-59.218-90.814-25.605-26.006-56.612-46.212-90.619-59.012-32.599-12.604-69.811-21.403-124.216-23.802-54.815-2.602-72.218-3.204-211.246-3.204-139.027 0-156.429 0.602-211.041 3.001-54.409 2.399-91.815 11.205-124.22 23.802-34.413 13.003-65.215 33.007-90.822 59.215-26.005 25.606-46.204 56.612-59.011 90.619-12.604 32.608-21.403 69.811-23.802 124.22-2.602 54.815-3.204 72.217-3.204 211.247 0 139.023 0.602 156.426 3.001 211.041 2.399 54.405 11.205 91.812 23.809 124.227 13.003 34.401 33.202 65.208 59.207 90.813 25.607 26.004 56.612 46.213 90.619 59.013 32.608 12.6 69.81 21.402 124.227 23.798 54.604 2.406 72.014 3 211.042 3s156.426-0.594 211.041-3c54.41-2.396 91.812-11.197 124.216-23.798 68.818-26.609 123.228-81.019 149.837-149.827 12.595-32.609 21.402-69.821 23.803-124.227 2.396-54.615 3-72.018 3-211.041 0-139.030-0.205-156.431-2.606-211.044zM930.785 719.14c-2.202 50.012-10.604 77.015-17.603 95.017-17.208 44.611-52.613 80.015-97.224 97.224-18.002 7.004-45.204 15.401-95.017 17.597-54.011 2.406-70.211 3-206.838 3-136.63 0-153.031-0.594-206.846-3-50.010-2.196-77.015-10.593-95.018-17.597-22.2-8.202-42.407-21.207-58.808-38.211-17.004-16.604-30.006-36.608-38.211-58.808-7.002-18.002-15.401-45.21-17.597-95.017-2.407-54.011-3.001-70.216-3.001-206.848 0-136.626 0.594-153.028 3.001-206.835 2.195-50.010 10.595-77.015 17.597-95.018 8.205-22.207 21.207-42.407 38.414-58.817 16.597-17.003 36.601-30.006 58.808-38.203 18.003-7.001 45.212-15.401 95.018-17.605 54.010-2.399 70.217-3.001 206.838-3.001 136.832 0 153.027 0.602 206.843 3.001 50.012 2.203 77.015 10.604 95.022 17.605 22.195 8.197 42.404 21.2 58.808 38.203 16.998 16.605 30.003 36.609 38.211 58.817 6.999 18.003 15.401 45.204 17.603 95.018 2.401 54.010 3 70.209 3 206.835 0 136.632-0.599 152.632-3 206.643z",
          "M513.9 249.047c-145.222 0-263.050 117.82-263.050 263.050 0 145.234 117.828 263.050 263.050 263.050 145.234 0 263.055-117.816 263.055-263.050 0-145.23-117.821-263.050-263.055-263.050zM513.9 682.732c-94.212 0-170.633-76.411-170.633-170.634 0-94.221 76.421-170.634 170.633-170.634 94.223 0 170.634 76.413 170.634 170.634 0 94.223-76.411 170.634-170.634 170.634z",
          "M848.768 238.648c0 33.913-27.5 61.41-61.42 61.41-33.915 0-61.409-27.497-61.409-61.41 0-33.921 27.494-61.411 61.409-61.411 33.92 0 61.42 27.49 61.42 61.411z"
        ],
        "attrs": [],
        "isMulticolor": false,
        "isMulticolor2": false,
        "grid": 0,
        "tags": [
          "instagram"
        ],
        "colorPermutations": {}
      },
      "attrs": [],
      "properties": {
        "order": 13,
        "id": 4,
        "name": "instagram",
        "prevSize": 32
      },
      "setIdx": 4,
      "setId": 2,
      "iconIdx": 13
    },
    {
      "icon": {
        "paths": [
          "M1023.744 1024v-0.041h0.256v-375.552c0-183.722-39.552-325.247-254.336-325.247-103.255 0-172.544 56.661-200.832 110.378h-2.985v-93.226h-203.65v683.647h212.052v-338.519c0-89.129 16.896-175.315 127.278-175.315 108.754 0 110.377 101.715 110.377 181.034v332.841h211.84z",
          "M16.897 340.35h212.309v683.65h-212.309v-683.65z",
          "M122.966 0c-67.883 0-122.966 55.082-122.966 122.966s55.082 124.117 122.966 124.117c67.882 0 122.965-56.234 122.965-124.117-0.042-67.883-55.125-122.966-122.965-122.966v0z"
        ],
        "attrs": [],
        "isMulticolor": false,
        "isMulticolor2": false,
        "grid": 0,
        "tags": [
          "linkedin"
        ],
        "colorPermutations": {}
      },
      "attrs": [],
      "properties": {
        "order": 15,
        "id": 3,
        "name": "linkedin",
        "prevSize": 32
      },
      "setIdx": 4,
      "setId": 2,
      "iconIdx": 14
    },
    {
      "icon": {
        "paths": [
          "M456.651 763.481c4.159 4.714 6.374 10.615 6.258 16.674 0.212 3.951-0.55 7.897-2.229 11.542-1.678 3.645-4.231 6.898-7.468 9.52-8.079 5.586-18.087 8.317-28.189 7.69h-49.556v-105.667h48.541c9.583-0.584 19.087 1.898 26.894 7.020 3.133 2.403 5.617 5.439 7.25 8.87 1.635 3.432 2.376 7.163 2.164 10.902 0.285 5.828-1.713 11.559-5.637 16.157-3.767 4.198-8.972 7.108-14.771 8.259 6.574 1.099 12.508 4.301 16.744 9.033zM398.525 747.53h20.746c4.716 0.319 9.399-0.927 13.193-3.511 1.558-1.292 2.77-2.896 3.543-4.687 0.771-1.79 1.084-3.719 0.911-5.637 0.147-1.911-0.172-3.828-0.932-5.615-0.761-1.785-1.944-3.393-3.466-4.709-3.907-2.657-8.735-3.922-13.587-3.562h-20.408v27.72zM434.495 788.053c1.664-1.324 2.973-2.982 3.825-4.844 0.85-1.862 1.22-3.879 1.080-5.895 0.126-2.038-0.259-4.076-1.13-5.955s-2.2-3.552-3.888-4.884c-4.060-2.756-9.052-4.11-14.095-3.821h-21.762v29.063h22.043c4.961 0.263 9.873-1.031 13.926-3.664z",
          "M555.877 808.907l-27.005-41.296h-10.148v41.296h-23.228v-105.667h43.974c11.085-0.708 22.043 2.507 30.614 8.982 6.146 5.734 9.854 13.292 10.453 21.308s-1.947 15.966-7.183 22.415c-5.425 5.69-12.838 9.484-20.973 10.737l28.752 42.225h-25.257zM518.724 753.208h18.999c13.193 0 19.789-5.333 19.789-16.002 0.135-2.178-0.227-4.359-1.062-6.403-0.835-2.043-2.125-3.907-3.787-5.47-4.169-3.174-9.539-4.714-14.94-4.284h-19.226l0.227 32.159z",
          "M682.841 787.637h-46.287l-8.175 21.268h-24.356l42.51-104.48h26.329l42.339 104.48h-24.354l-8.006-21.268zM676.639 771.635l-16.913-44.6-16.913 44.6h33.826z",
          "M841.769 808.907h-23.059l-51.698-71.856v71.856h-23.002v-105.668h23.002l51.698 72.271v-72.271h23.059v105.668z",
          "M973.356 783.614c-4.768 7.977-12.032 14.467-20.861 18.635-10.037 4.642-21.176 6.929-32.416 6.659h-41.044v-105.668h41.044c11.221-0.268 22.345 1.964 32.416 6.504 8.827 4.074 16.099 10.498 20.861 18.429 4.746 8.595 7.219 18.089 7.219 27.72s-2.473 19.127-7.219 27.721zM946.971 781.085c6.581-7.020 10.199-15.966 10.199-25.218 0-9.25-3.618-18.196-10.199-25.216-7.955-6.359-18.328-9.586-28.867-8.982h-16.010v68.398h16.010c10.539 0.602 20.912-2.625 28.867-8.982z",
          "M697.272 115.485c0 0 297.62 102.881 291.306 251.755v251.805c0 0-297.393-102.931-291.193-251.805l-0.113-251.755z",
          "M1253.722 560.096c56.209-35.418 121.225-57.356 189.092-63.804v-78.826c-78.199 27.597-144.538 77.635-189.092 142.63z",
          "M1219.953 583.842c46.007-84.82 125.763-150.27 222.863-182.892v-227.132c0 0-423.851 146.551-414.886 358.557v358.506c0 0 18.886-6.555 48.597-18.842 0-11.459 0-23.021 1.353-34.637 8.772-98.423 59.875-189.628 142.071-253.561z",
          "M1179.643 717.024c2.227-24.863 7.195-49.457 14.828-73.405-51.181 55.212-82.178 123.723-88.625 195.901-0.621 6.815-0.959 13.628-1.128 20.649 24.073-10.583 52.093-23.798 81.522-39.335-7.509-34.149-9.731-69.094-6.596-103.81z",
          "M1196.501 718.314c-2.823 31.408-1.060 63.020 5.243 94.001 115.801-63.442 245.92-161.469 240.903-279.939v-10.324c-82.734 8.475-160.142 41.591-220.326 94.259-14.090 32.638-22.793 67.016-25.82 102.002z"
        ],
        "attrs": [],
        "width": 1809,
        "isMulticolor": false,
        "isMulticolor2": false,
        "grid": 0,
        "tags": [
          "logo"
        ],
        "colorPermutations": {}
      },
      "attrs": [],
      "properties": {
        "order": 16,
        "id": 2,
        "name": "logo",
        "prevSize": 32
      },
      "setIdx": 4,
      "setId": 2,
      "iconIdx": 15
    },
    {
      "icon": {
        "paths": [
          "M544 0h-448c-52.938 0-96 43.062-96 96v832c0 52.941 43.062 96 96 96h448c52.938 0 96-43.059 96-96v-832c0-52.938-43.062-96-96-96zM96 64h448c17.656 0 32 14.344 32 32v672h-512v-672c0-17.656 14.344-32 32-32zM544 960h-448c-17.656 0-32-14.342-32-32v-96h512v96c0 17.658-14.344 32-32 32z",
          "M150.627 879.29c12.497 11.674 12.497 30.592 0 42.259-12.497 11.674-32.757 11.674-45.254 0-12.497-11.667-12.497-30.586 0-42.259 12.497-11.667 32.757-11.667 45.254 0z"
        ],
        "attrs": [],
        "width": 640,
        "isMulticolor": false,
        "isMulticolor2": false,
        "grid": 0,
        "tags": [
          "smartphone"
        ],
        "colorPermutations": {}
      },
      "attrs": [],
      "properties": {
        "order": 17,
        "id": 1,
        "name": "smartphone",
        "prevSize": 32
      },
      "setIdx": 4,
      "setId": 2,
      "iconIdx": 16
    },
    {
      "icon": {
        "paths": [
          "M1024 194.496c-38.077 16.704-78.659 27.776-120.96 33.152 43.52-25.984 76.739-66.816 92.349-116.032-40.571 24.192-85.371 41.28-133.12 50.816-38.528-41.024-93.44-66.432-153.344-66.432-116.219 0-209.789 94.336-209.789 209.984 0 16.64 1.408 32.64 4.864 47.872-174.528-8.512-328.96-92.16-432.704-219.584-18.112 31.424-28.736 67.392-28.736 106.112 0 72.704 37.44 137.152 93.248 174.464-33.728-0.64-66.816-10.432-94.848-25.856 0 0.64 0 1.472 0 2.304 0 102.016 72.768 186.752 168.192 206.269-17.088 4.675-35.712 6.912-55.040 6.912-13.44 0-27.008-0.763-39.744-3.584 27.2 83.139 104.384 144.261 196.16 146.243-71.424 55.875-162.112 89.533-260.288 89.533-17.216 0-33.728-0.763-50.24-2.877 92.992 59.971 203.2 94.208 322.048 94.208 386.304 0 597.504-320 597.504-597.376 0-9.28-0.317-18.24-0.768-27.136 41.667-29.568 76.672-66.496 105.216-108.992z"
        ],
        "attrs": [],
        "isMulticolor": false,
        "isMulticolor2": false,
        "grid": 0,
        "tags": [
          "twitter"
        ],
        "colorPermutations": {}
      },
      "attrs": [],
      "properties": {
        "order": 18,
        "id": 0,
        "name": "twitter",
        "prevSize": 32
      },
      "setIdx": 4,
      "setId": 2,
      "iconIdx": 17
    }
  ],
  "height": 1024,
  "preferences": {
    "showGlyphs": true,
    "showQuickUse": true,
    "showQuickUse2": true,
    "showSVGs": true,
    "fontPref": {
      "prefix": "icon-",
      "metadata": {
        "fontFamily": "icomoon"
      },
      "metrics": {
        "emSize": 1024,
        "baseline": 6.25,
        "whitespace": 50
      },
      "embed": false
    },
    "imagePref": {
      "prefix": "icon-",
      "png": true,
      "useClassSelector": true,
      "color": 0,
      "bgColor": 16777215,
      "classSelector": ".icon",
      "name": "icomoon",
      "height": 32,
      "columns": 16,
      "margin": 16
    },
    "historySize": 50,
    "showCodes": true,
    "gridSize": 16
  }
}